<?xml version="1.0" encoding="UTF-8" standalone="yes"?>
<addon id="script.module.ultratv" name="[B][COLOR khaki]Ultra TV[/COLOR][/B]" version="12.1" provider-name="[B][COLOR orange]ULTRA/RACC[/COLOR][/B]">
  <requires>
    <import addon="xbmc.python" version="2.1.0"/>
    <import addon="script.module.livestreamer" />
    <import addon="script.module.requests" />
    <import addon="script.module.routing" />
  </requires>
  <extension point="xbmc.python.pluginsource" library="addon.py">
    <provides>video</provides>
  </extension>
  <extension point="xbmc.addon.metadata">
    <summary lang="en_gb">[COLOR khaki]ULTRA TV[/COLOR]</summary>
    <description lang="en_gb"></description>
    <disclaimer lang="en_gb"></disclaimer>
    <language></language>
    <platform>all</platform>
    <license></license>
    <forum></forum>
    <website></website>
    <email></email>
    <source></source>
  </extension>
</addon>
