<?xml version="1.0" encoding="UTF-8" standalone="yes"?>
<addon id="repository.fiercegorilla" name="Fierce Gorilla Repo" version="0.0.1" provider-name="FG">
	<extension point="xbmc.addon.repository" name="Fierce Gorilla Repository">
		<dir>
			<info compressed="false">https://raw.githubusercontent.com/noobsandnerds/modules4all/master/zips/addons.xml</info>
			<checksum>https://raw.githubusercontent.com/noobsandnerds/modules4all/master/zips/addons.xml.md5</checksum>
			<datadir zip="true">https://raw.githubusercontent.com/noobsandnerds/modules4all/master/zips/</datadir>
		</dir>
		<info compressed="false">https://raw.githubusercontent.com/FierceGorilla/repository.fiercegorilla/master/zips/addons.xml</info>
		<checksum>https://raw.githubusercontent.com/FierceGorilla/repository.fiercegorilla/master/zips/addons.xml.md5</checksum>
		<datadir zip="true">https://raw.githubusercontent.com/FierceGorilla/repository.fiercegorilla/master/zips/</datadir>
	</extension>
	<extension point="xbmc.addon.metadata">
		<summary lang="en">Fierce Gorilla Repo</summary>
		<description lang="en">FG Repo</description>
		<genre></genre>
	</extension>
</addon>