<?xml version="1.0" encoding="UTF-8" standalone="yes"?>
<addon id="repository.fiercegorilla" name="[COLOR red]Fierce[/COLOR] [COLOR white]Gorilla[/COLOR] [COLOR red]Repository[/Color]" version="0.0.1" provider-name="Fierce Gorilla">
	<extension point="xbmc.addon.repository" name="[COLOR red]Fierce[/COLOR] [COLOR white]Gorilla[/COLOR] [COLOR red]Repository[/Color]">
		<dir>
			<info compressed="false">https://github.com/tvaddonsco/tva-resolvers-repo/raw/master/addons.xml</info>
			<checksum>https://github.com/tvaddonsco/tva-resolvers-repo/raw/master/addons.xml.md5</checksum>
			<datadir zip="true">https://github.com/tvaddonsco/tva-resolvers-repo/raw/master/zips/</datadir>
		</dir>
		<dir>
			<info compressed="false">https://raw.githubusercontent.com/totalrevolution/python-koding/master/zips/addons.xml</info>
			<checksum>https://raw.githubusercontent.com/totalrevolution/python-koding/master/zips/addons.xml.md5</checksum>
			<datadir zip="true">https://raw.githubusercontent.com/totalrevolution/python-koding/master/zips/</datadir>
		</dir>
		<dir>
			<info compressed="false">https://raw.githubusercontent.com/marcelveldt/repository.marcelveldt/master/addons.xml</info>
			<checksum>https://raw.githubusercontent.com/marcelveldt/repository.marcelveldt/master/addons.xml.md5</checksum>
			<datadir zip="true">https://raw.githubusercontent.com/marcelveldt/repository.marcelveldt/master/</datadir>
		</dir>
		<dir>
			<info compressed="false">https://github.com/jdf76/repository/raw/master/addons.xml</info>
			<checksum>https://github.com/jdf76/repository/raw/master/addons.xml.md5</checksum>
			<datadir zip="true">https://github.com/jdf76/repository/raw/master/zips</datadir>
		</dir>
		<dir>
			<info compressed="false">https://raw.githubusercontent.com/jsergio123/zips/master/addons.xml</info>
			<checksum>https://raw.githubusercontent.com/jsergio123/zips/master/addons.xml.md5</checksum>
			<datadir zip="true">https://raw.githubusercontent.com/jsergio123/zips/master/</datadir>
		</dir>
		<dir>
			<info compressed="false">https://raw.githubusercontent.com/teamuniversal/scrapers/master/_modules4all/zips/addons.xml</info>
			<checksum>https://raw.githubusercontent.com/teamuniversal/scrapers/master/_modules4all/zips/addons.xml.md5</checksum>
			<datadir zip="true">https://raw.githubusercontent.com/teamuniversal/scrapers/master/_modules4all/zips/</datadir>
		</dir>
		<info compressed="false">https://raw.githubusercontent.com/FierceGorilla/repository.fiercegorilla/master/zips/addons.xml</info>
		<checksum>https://raw.githubusercontent.com/FierceGorilla/repository.fiercegorilla/master/zips/addons.xml.md5</checksum>
		<datadir zip="true">https://raw.githubusercontent.com/FierceGorilla/repository.fiercegorilla/master/zips/</datadir>
	</extension>
	<extension point="xbmc.addon.metadata">
		<summary lang="en">[COLOR red]Fierce[/COLOR] [COLOR white]Gorilla[/COLOR] [COLOR red]Repository[/Color]</summary>
		<description lang="en">Fierce Gorilla Repository updated weekly with only the [COLOR red]BEST[/COLOR] addons</description>
		<genre></genre>
	</extension>
</addon>