<?xml version="1.0" encoding="UTF-8" standalone="yes"?>
<addon id="script.fiercegorilla.metadata" version="1.0" name="Fierce Gorilla Metadata" provider-name="Fierce Gorilla">
	<requires>
		<import addon="xbmc.python" version="2.19.0"/>
	</requires>
	<extension point="xbmc.python.module" library="lib" />
	<extension point="xbmc.addon.metadata">
		<summary>Metadata for the Fierce Gorilla Addon</summary>
		<description>Metadata for Fierce Gorilla are maintained separately to make distribution of the the addon itself easier/faster.</description>
		<platform>all</platform>
	</extension>
</addon>
