<?xml version="1.0" encoding="UTF-8"?>
<addon id="repository.fiercegorilla" name="[I][COLOR red]Fierce[/COLOR] [COLOR white]Gorilla[/COLOR] [COLOR red]Repository[/COLOR][/I]" version="1.0" provider-name="Fierce Gorilla">
	<extension point="xbmc.addon.repository" name="[I][COLOR red]Fierce[/COLOR] [COLOR white]Gorilla[/COLOR] [COLOR red]Repository[/COLOR][/I]">
		<dir>
			<info compressed="false">https://github.com/tvaddonsco/tva-resolvers-repo/raw/master/addons.xml</info>
			<checksum>https://github.com/tvaddonsco/tva-resolvers-repo/raw/master/addons.xml.md5</checksum>
			<datadir zip="true">https://github.com/tvaddonsco/tva-resolvers-repo/raw/master/zips/</datadir>
		</dir>
		<dir>
			<info compressed="false">https://raw.githubusercontent.com/totalrevolution/python-koding/master/zips/addons.xml</info>
			<checksum>https://raw.githubusercontent.com/totalrevolution/python-koding/master/zips/addons.xml.md5</checksum>
			<datadir zip="true">https://raw.githubusercontent.com/totalrevolution/python-koding/master/zips/</datadir>
		</dir>
		<dir>
			<info compressed="false">https://raw.githubusercontent.com/marcelveldt/repository.marcelveldt/master/addons.xml</info>
			<checksum>https://raw.githubusercontent.com/marcelveldt/repository.marcelveldt/master/addons.xml.md5</checksum>
			<datadir zip="true">https://raw.githubusercontent.com/marcelveldt/repository.marcelveldt/master/</datadir>
		</dir>
		<dir>
			<info compressed="false">https://github.com/jdf76/repository/raw/master/addons.xml</info>
			<checksum>https://github.com/jdf76/repository/raw/master/addons.xml.md5</checksum>
			<datadir zip="true">https://github.com/jdf76/repository/raw/master/zips</datadir>
		</dir>
		<dir>
			<info compressed="false">https://raw.githubusercontent.com/jsergio123/zips/master/addons.xml</info>
			<checksum>https://raw.githubusercontent.com/jsergio123/zips/master/addons.xml.md5</checksum>
			<datadir zip="true">https://raw.githubusercontent.com/jsergio123/zips/master/</datadir>
		</dir>
		<dir>
			<info compressed="false">https://raw.githubusercontent.com/teamuniversal/scrapers/master/_modules4all/zips/addons.xml</info>
			<checksum>https://raw.githubusercontent.com/teamuniversal/scrapers/master/_modules4all/zips/addons.xml.md5</checksum>
			<datadir zip="true">https://raw.githubusercontent.com/teamuniversal/scrapers/master/_modules4all/zips/</datadir>
		</dir>
		<info compressed="false">https://raw.githubusercontent.com/FierceGorilla/repository.fiercegorilla/master/zips/addons.xml</info>
		<checksum>https://raw.githubusercontent.com/FierceGorilla/repository.fiercegorilla/master/zips/addons.xml.md5</checksum>
		<datadir zip="true">https://raw.githubusercontent.com/FierceGorilla/repository.fiercegorilla/master/zips/</datadir>
	</extension>
	<extension point="xbmc.addon.metadata">
		<summary lang="en">[I][COLOR red]Fierce[/COLOR] [COLOR white]Gorilla[/COLOR] [COLOR red]Repository[/COLOR][/I]</summary>
		<description lang="en">[COLOR white]Fierce Gorilla Repository updated weekly with only the[/COLOR] [COLOR red][B]BEST[/B][/COLOR] [COLOR white]addons[/COLOR]</description>
		<genre></genre>
	</extension>
</addon>